{"cameraMode":{"drawMode":0,"name":"Shaded","section":"Shading Mode"},"sceneLighting":false,"audioPlay":false,"sceneViewState":{"m_AlwaysRefresh":false,"showFog":true,"showSkybox":false,"showFlares":true,"showImageEffects":true,"showParticleSystems":true,"showVisualEffectGraphs":true,"m_FxEnabled":true},"in2DMode":false,"pivot":{"x":-0.3807559013366699,"y":0.04453694820404053,"z":-0.22080445289611817},"rotation":{"x":-0.07689333707094193,"y":-0.760394275188446,"z":0.09175840020179749,"w":-0.6383978724479675},"size":0.44952982664108279,"orthographic":true}