{"cameraMode":{"drawMode":0,"name":"Shaded","section":"Shading Mode"},"sceneLighting":false,"audioPlay":false,"sceneViewState":{"m_AlwaysRefresh":false,"showFog":true,"showSkybox":false,"showFlares":true,"showImageEffects":true,"showParticleSystems":true,"showVisualEffectGraphs":true,"m_FxEnabled":true},"in2DMode":false,"pivot":{"x":-6.478600025177002,"y":5.695099830627441,"z":-16.714000701904298},"rotation":{"x":0.2212727814912796,"y":-0.056426458060741428,"z":0.01282570417970419,"w":0.9734945893287659},"size":0.7335284352302551,"orthographic":true}